time,p0,p100,uz0
-3600,0,0,0
0,0,249999.21587303,7.7224165570372e-09
3600,1294.0952255126,250732.91723752,-2.2449795904328e-06
7200,2500,251593.23734285,-4.095382626669e-06
10800,3535.5339059327,252459.30952387,-5.5015764137013e-06
